job_title,company_Name,job_url,job_Location,job_Summery,job_posted_Date,job_Salary
Associate Software Developer,Brooksource,https://www.indeed.com/cmp/Brooksource,"Grand Rapids, MI",*We cannot provide sponsorship at this time*.,Posted30+ days ago,
,"Web Traffic Partners, Inc.","https://www.indeed.com/jobs?q=Web+Traffic+Partners,+Inc&l=Ada,+MI&nc=jasx","Ada, MI 49301",The ideal candidate will be fluent with WordPress and committed to delivering professional level work while being a strong contributing team member.,PostedToday,
,Eagle Creek Software Services,https://www.indeed.com/cmp/Eagle-Creek-Software-Services,"Grand Rapids, MI",Computer-related coursework or experience.,Posted6 days ago,Estimated $73.3K – $92.9K a year
Software Engineer ($75K to $90K with Benefits & Bonuses),Jarvis Recruitment,https://www.indeed.com/addlLoc/redirect?tk=1fr2rni203oa6000&jk=937ce2bf2b4f3ea3&dest=%2Fjobs%3Fq%3Dprogrammer%26l%3Dgrand%2Brapids%2BMI%26grpKey%3D8gcGdG5mdGNsuA%252B4vq4gqhAeCglub3JtdGl0bGUaEXNvZnR3YXJlIGVuZ2luZWVy,"Rockford, MI 49341+1 location",Entry- to Mid-level Software Engineers.,Posted30+ days ago,
Software Engineering Opportunities,Performance,https://www.indeed.com/addlLoc/redirect?tk=1fr2rni203oa6000&jk=2d980c422e164e7c&dest=%2Fjobs%3Fq%3Dprogrammer%26l%3Dgrand%2Brapids%2BMI%26grpKey%3D8gcGdG5mdGNsuA%252FQs9YOqhAeCglub3JtdGl0bGUaEXNvZnR3YXJlIGVuZ2luZWVy,"Grand Rapids, MI 49546+1 location",We are looking for passionate Software Engineers to design and develop software solutions for upcoming projects.,Posted10 days ago,Estimated $77.6K – $98.2K a year
,Manufacturing Action Group,"https://www.indeed.com/q-Manufacturing-Action-Group-l-Grand-Rapids,-MI-jobs.html","Grand Rapids, MI 49546","MAGI offers a competitive benefits package, including medical, dental, 401K program, paid vacations and holidays.",Posted4 days ago,Estimated $69.4K – $87.8K a year
,Ad Hoc Team,https://www.indeed.com/cmp/Ad-Hoc-Team,"Remote in Grand Rapids, MI","They write well-structured, tested, and secure code with little feedback or guidance.",Posted1 day ago,Estimated $101K – $128K a year
,TCS,https://www.indeed.com/cmp/Tcs,"Grand Rapids, MI","Analyses, Codes and/or configures, tests, and implements programs and packages.",Posted3 days ago,Estimated $86.4K – $109K a year
Cloud Software Developer,Open Systems Technologies Inc,"https://www.indeed.com/jobs?q=Open+Systems+Technologies+Inc&l=Grand+Rapids,+MI&nc=jasx","Grand Rapids, MI 49504 (West Grand area)",Cloud Software Developer (Full-time | Remote).,Posted16 days ago,Estimated $81.8K – $104K a year
E-Commerce Web Developer ($75K to $90K w/ Benefits and Bonuses!),Jarvis Recruitment,,"Rockford, MI 49341",Entry- to Mid-level Web Developers.,Posted30+ days ago,
Web C#/.NET Development Lead (Hybrid Remote),The C2 Group,"https://www.indeed.com/q-The-C2-Group-l-Grand-Rapids,-MI-jobs.html","Remote in Grand Rapids, MI",This position resides in C2's Continuous Support and Optimization (CSO) services team.,EmployerActive 29 days ago,Estimated $112K – $142K a year
,Blue Chip,https://www.indeed.com/cmp/Blue-Chip,"Grand Rapids, MI",The Senior Software Developer will build the technology that powers the business from the core.,Posted3 days ago,Estimated $94.3K – $119K a year
,Recruiting From Scratch,https://www.indeed.com/addlLoc/redirect?tk=1fr2rni203oa6000&jk=f02477081f514863&dest=%2Fjobs%3Fq%3Dprogrammer%26l%3Dgrand%2Brapids%2BMI%26grpKey%3D8gcGdG5mdGNsuA%252Fi0so2qhAgCglub3JtdGl0bGUaE2Zyb250IGVuZCBkZXZlbG9wZXI%253D,"Remote in Kentwood, MI+6 locations","Work with our clients' end users, the founding team, and a team of elite software engineers to fundamentally change developer experience across the blockchain…",Posted1 day ago,Estimated $89.9K – $114K a year
,Magic Wrighter Inc,"https://www.indeed.com/jobs?q=Magic+Wrighter+Inc&l=Grand+Rapids,+MI&nc=jasx","Grand Rapids, MI 49544","This is a full-time position (Monday – Friday, 8 – 5) at our office in Grand Rapids, MI, with pay commensurate with capabilities and experience.",Posted3 days ago,Estimated $82.7K – $105K a year
Web Developer,Macatawa Bank,https://www.indeed.com/cmp/Macatawa-Bank,"Holland, MI 49424",The Web Developer is responsible for providing technical solutions to complex business problems.,Posted30+ days ago,Estimated $67.7K – $85.7K a year
SOFTWARE ENGINEER II,Tgw Systems Inc,https://www.indeed.com/cmp/Tgw-Systems,"Grand Rapids, MI 49546","This is a mid-level position that will contribute to a team effort in all aspects of software engineering including design, development, testing, and support.",Posted30+ days ago,Estimated $80K – $101K a year
Director of Web Development,Deksia,https://www.indeed.com/addlLoc/redirect?tk=1fr2rnihr3o8j001&jk=53159201b6b9b068&dest=%2Fjobs%3Fq%3Dprogrammer%26l%3Dgrand%2Brapids%2BMI%26grpKey%3D8gcGdG5mdGNsuA%252Fa%252FqceqhAaCglub3JtdGl0bGUaDXdlYiBkZXZlbG9wZXI%253D,"Grand Rapids, MI 49503 (Belknap Lookout area)+1 location","Deksia is a full-service agency, so developers will also work closely with other departments such as our copywriting, video + photo, and digital strategy.",EmployerActive 11 days ago,
Software Developer(253),Vernus Technologies,"https://www.indeed.com/q-Vernus-Technologies-l-Grand-Rapids,-MI-jobs.html","Grand Rapids, MI 49546","Perform business requirement analysis, impact analysis, and convert them into technical requirements.",Posted30+ days ago,Estimated $98K – $124K a year
Embedded Software Engineer,Gentex Corporation,https://www.indeed.com/cmp/Gentex-Corporation,"Zeeland, MI+1 location",As an Embedded Software Engineer you will be responsible for the development of embedded software for Gentex products.,Posted27 days ago,Estimated $82.4K – $104K a year
Ruby on Rails Developer,Victory Text,"https://www.indeed.com/q-Victory-Text-l-Grand-Rapids,-MI-jobs.html","Grand Rapids, MI 49503 (Heartside area)",In this role you will be maintaining and further developing our existing Ruby on Rails websites.,EmployerActive 2 days ago,
Junior Software Developer,Revature,https://www.indeed.com/cmp/Revature-8,"Wyoming, MI+1 location",College degree (Associates or Bachelors).,Posted30+ days ago,Estimated $61.8K – $78.2K a year
,Worksighted,https://www.indeed.com/cmp/Worksighted,"Holland, MI 49423",We are looking for an PC Deployment Engineer who will be responsible for carrying out the technical work that filters through client tickets into the Lab…,Posted3 days ago,Estimated $42.2K – $53.4K a year
Software Developer,Progressive AE,https://www.indeed.com/cmp/Progressive-Ae,"Grand Rapids, MI 49525","As a software developer, you will oversee the Progressive AE technology life-cycle duties to bring our applications to completion while exceeding business…",EmployerActive 2 days ago,
Web C#/.NET Development Lead (Hybrid Remote),The C2 Group,"https://www.indeed.com/q-The-C2-Group-l-Grand-Rapids,-MI-jobs.html","Remote in Grand Rapids, MI",This position resides in C2's Continuous Support and Optimization (CSO) services team.,EmployerActive 29 days ago,Estimated $112K – $142K a year
,Blue Chip,https://www.indeed.com/cmp/Blue-Chip,"Grand Rapids, MI",The Senior Software Developer will build the technology that powers the business from the core.,Posted3 days ago,Estimated $94.3K – $119K a year
Java Software Developer - DiQ Optimize,Dematic,https://www.indeed.com/cmp/Dematic,"Grand Rapids, MI","What you’ll be doing - Create elegant solutions for some of the most complex material handling and logistics projects in the world - Deliver large, impactful,…",Posted30+ days ago,Estimated $76.8K – $97.2K a year
,TCS,https://www.indeed.com/cmp/Tcs,"Grand Rapids, MI","Analyses, Codes and/or configures, tests, and implements programs and packages.",Posted3 days ago,Estimated $86.4K – $109K a year
Software Engineer,Lake Michigan Credit Union,https://www.indeed.com/cmp/Lake-Michigan-Credit-Union,"Grand Rapids, MI",Lake Michigan Credit Union is seeking a talented and self-motivated Software Engineer to assist in the creation of software for new initiatives while assisting…,Posted30+ days ago,Estimated $78.5K – $99.5K a year
,Magic Wrighter Inc,"https://www.indeed.com/jobs?q=Magic+Wrighter+Inc&l=Grand+Rapids,+MI&nc=jasx","Grand Rapids, MI 49544","This is a full-time position (Monday – Friday, 8 – 5) at our office in Grand Rapids, MI, with pay commensurate with capabilities and experience.",Posted3 days ago,Estimated $82.7K – $105K a year
,Franklin Energy,https://www.indeed.com/cmp/Franklin-Energy,"Grand Rapids, MI 49544","The Senior Software Engineer will work on the within the Technology Group to expand, enhance and strengthen our technology platform to amplify the Company’s…",Posted3 days ago,Estimated $71.1K – $90.1K a year
Mobile Application Developer,Salamander Technologies,"https://www.indeed.com/q-Salamander-Technologies-l-Grand-Rapids,-MI-jobs.html","Remote in Grand Rapids, MI","Skilled developer with drive and passion in Application Development with 2 to 4 years of work, responsible for enhancing existing mobile applications and…",EmployerActive 11 days ago,
Full Stack Developer - Location Open,Deloitte,https://www.indeed.com/cmp/Deloitte,"Grand Rapids, MI 49503 (Heartside area)+9 locations","As a Full Stack Developer Consultant for our HR Transformation team, you will use your knowledge and experience of HR operations and the ServiceNow HR Service…",Posted9 days ago,Estimated $84.3K – $107K a year
Junior Software Developer,Revature,https://www.indeed.com/cmp/Revature-8,"Wyoming, MI+1 location",College degree (Associates or Bachelors).,Posted30+ days ago,Estimated $61.8K – $78.2K a year
LabVIEW Developer,Disher,https://www.indeed.com/cmp/Disher,"Holland, MI","In this role, you will design, organize, direct and complete technical work to develop new and existing product validation and verification equipment to support…",Posted22 days ago,Estimated $91.9K – $116K a year
Java Developer Solution Specialist,Deloitte,https://www.indeed.com/cmp/Deloitte,"Grand Rapids, MI 49503 (Heartside area)+6 locations","As an experienced Full Stack Java Developer, you will have the ability to share new ideas and collaborate on projects as a consultant without the extensive…",Posted12 days ago,Estimated $73.5K – $93.1K a year
. Net Developer,Htc Global Services Inc.,https://www.indeed.com/cmp/Htc-Global-Service.inc,"Remote in Grand Rapids, MI","Experience in Azure SQL, Azure Cosmos DB, MongoDB, SQL Server 2017, and MySQL.",EmployerActive 9 days ago,Estimated $76.6K – $97K a year
Web Developer,Web Traffic Partners,"https://www.indeed.com/q-Web-Traffic-Partners-l-Grand-Rapids,-MI-jobs.html","Grand Rapids, MI 49546",The ideal candidate will be fluent with WordPress and committed to delivering professional level work while being a strong contributing team member.,Posted30+ days ago,Estimated $39.4K – $50K a year
Software Engineer II,E2open,"https://www.indeed.com/cmp/E2open,-Inc.","Holland, MI 49423","With direct management and mentoring of a Senior Software Engineer or higher, a Software Engineer II contributes as a team member for development, unit testing,…",Posted30+ days ago,Estimated $94.4K – $120K a year
Software Developer,Pro-Vision Video Systems,https://www.indeed.com/cmp/Pro--vision-Video-Systems,"Remote in Grand Rapids, MI",PRO-VISION Video Systems is looking for a Software Developer to join their growing company.,Posted15 days ago,Estimated $82.2K – $104K a year
Unity & Unreal Plugin Developer,Recruiting From Scratch,"https://www.indeed.com/q-Recruiting-From-Scratch-l-Kentwood,-MI-jobs.html","Remote in Kentwood, MI","They're developing cross-chain technology to power new gamer-first economies through a SaaS-style offering and looking for individuals who think big, build…",Posted22 days ago,
Software Engineer,Dematic,https://www.indeed.com/cmp/Dematic,"Holland, MI 49424+7 locations",Our attractive and market competitive total rewards packages are designed to reward high performance and to assist in managing your personal and family needs.,Posted30+ days ago,Estimated $75.5K – $95.5K a year
WordPress Developer,DVS,https://www.indeed.com/cmp/Dvs,"Grand Rapids, MI 49503 (Roosevelt Park area)","Working within the Creative team and reporting to the Creative Director, the WordPress Developer is primarily responsible for the build-out of websites and…",Posted28 days ago,Estimated $51.4K – $65K a year
Front End Web Developer,Wolverine Worldwide,https://www.indeed.com/cmp/Wolverine-Worldwide,"Rockford, MI","The Front End Web Developer is responsible for front-end development efforts for assigned brands, including ongoing updates to existing HTML content areas and…",Posted30+ days ago,Estimated $67K – $84.8K a year
,Rapidparts Inc.,https://www.indeed.com/cmp/Mitsubishi-Logisnext-Americas-Inc.,"Walker, MI 49544",Software development: Develop and provide on-going support for web-based and non-web-based applications to meet business requirements and web standards.,Posted8 days ago,Estimated $61.1K – $77.3K a year
Angular Developer,Deloitte,https://www.indeed.com/cmp/Deloitte,"Grand Rapids, MI 49503 (Heartside area)",As an experienced Angular Developer you will have the ability to share new ideas and collaborate on projects as a consultant without the extensive demands of…,Posted21 days ago,Estimated $82.8K – $105K a year
Ruby on Rails Developer,Victory Text,"https://www.indeed.com/q-Victory-Text-l-Grand-Rapids,-MI-jobs.html","Grand Rapids, MI 49503 (Heartside area)",In this role you will be maintaining and further developing our existing Ruby on Rails websites.,EmployerActive 2 days ago,
,JR Automation,https://www.indeed.com/cmp/Jr-Automation,"Holland, MI 49424","Architect, design, develop and support software systems for manufacturing automation machines requiring: dynamic software solutions, custom software, algorithm…",Posted1 day ago,Estimated $78.5K – $99.3K a year
,Dematic,https://www.indeed.com/cmp/Dematic,"Grand Rapids, MI 49505 (Norteast Citizens Action area)+2 locations","Our commitment to product and solution R&D combined with manufacturing plants in the US, Europe, China and Australia ensures Dematic has the range and…",Posted6 days ago,Estimated $91.6K – $116K a year
Full Stack Developer,Crowe,https://www.indeed.com/cmp/Crowe,"Grand Rapids, MI 49503 (Heartside area)","As a Full Stack Developer, you will play a key role for both our project teams and Engineering team.",Posted21 days ago,Estimated $98.8K – $125K a year
Junior Software Developer,Revature,https://www.indeed.com/cmp/Revature-8,"Wyoming, MI+1 location",College degree (Associates or Bachelors).,Posted30+ days ago,Estimated $61.8K – $78.2K a year
Director of Web Development,Deksia,https://www.indeed.com/addlLoc/redirect?tk=1fr2rnji5n5a8800&jk=53159201b6b9b068&dest=%2Fjobs%3Fq%3Dprogrammer%26l%3Dgrand%2Brapids%2BMI%26grpKey%3D8gcGdG5mdGNsuA%252Fa%252FqceqhAaCglub3JtdGl0bGUaDXdlYiBkZXZlbG9wZXI%253D,"Grand Rapids, MI 49503 (Belknap Lookout area)+1 location","Deksia is a full-service agency, so developers will also work closely with other departments such as our copywriting, video + photo, and digital strategy.",EmployerActive 11 days ago,
Software Developer II,Springthrough,https://www.indeed.com/cmp/Springthrough,"Grand Rapids, MI 49546+1 location",Participate in the full life-cycle duties to bring clients projects to completion all the while exceeding their expectations.,EmployerActive 2 days ago,
LabVIEW Developer,Disher,https://www.indeed.com/cmp/Disher,"Holland, MI","In this role, you will design, organize, direct and complete technical work to develop new and existing product validation and verification equipment to support…",Posted22 days ago,Estimated $91.9K – $116K a year
Front End Web Developer,Cull Group Marketing & Design,"https://www.indeed.com/q-Cull-Group-Marketing-&-Design-l-Grand-Rapids,-MI-jobs.html","Grand Rapids, MI 49506",At least 2 years of web development experience.,Posted30+ days ago,Estimated $47K – $59.6K a year
Software Developer,Progressive AE,https://www.indeed.com/cmp/Progressive-Ae,"Grand Rapids, MI 49525","As a software developer, you will oversee the Progressive AE technology life-cycle duties to bring our applications to completion while exceeding business…",EmployerActive 2 days ago,
,Boston Technology,"https://www.indeed.com/q-Boston-Technology-l-Grand-Rapids,-MI-jobs.html","Grand Rapids, MI","Minimum 2 years of experience in systems development and programming (.NET, C#, Azure: Logic Apps, Function Apps, CosmosDB, Storage Account, and Restful APIs).",Posted3 days ago,
Senior Salesforce Developer,Steelcase,https://www.indeed.com/cmp/Steelcase,"Hybrid remote in Grand Rapids, MI",This role will be focused on the development and delivery of eCommerce systems at Steelcase using the Salesforce B2B Commerce cloud application.,Posted30+ days ago,Estimated $92.9K – $118K a year
Machine Learning Engineer (Speech to Text Startup),Recruiting From Scratch,https://www.indeed.com/addlLoc/redirect?tk=1fr2rnji5n5a8800&jk=cc289baf3e0a71ba&dest=%2Fjobs%3Fq%3Dprogrammer%26l%3Dgrand%2Brapids%2BMI%26grpKey%3D8gcGdG5mdGNsuA%252Fi0so2qhAmCglub3JtdGl0bGUaGW1hY2hpbmUgbGVhcm5pbmcgZW5naW5lZXI%253D,"Remote in Kentwood, MI+7 locations","Their AI-powered collaborative note-taking app works across Zoom, Google Meet, and Microsoft Teams to help teams record, transcribe, search and share meeting…",Posted30+ days ago,
,Recruiting From Scratch,https://www.indeed.com/addlLoc/redirect?tk=1fr2rnji5n5a8800&jk=22c6972356541f0e&dest=%2Fjobs%3Fq%3Dprogrammer%26l%3Dgrand%2Brapids%2BMI%26grpKey%3D8gcGdG5mdGNsuA%252Fi0so2qhAdCglub3JtdGl0bGUaEGVuZ2luZWVyaW5nIGxlYWQ%253D,"Remote in Kentwood, MI+1 location","Lead a team of elite software engineers to set and build the product vision of our client, delivering a negative-churn developer experience, in a longterm…",Posted1 day ago,Estimated $119K – $151K a year
Application Development Analyst,Spectrum Health,https://www.indeed.com/cmp/Spectrum-Health-1,"Grand Rapids, MI+2 locations","Under minimal supervision, designs, codes or configures, tests, debugs, deploys, documents and maintains programs using a variety of software development…",Posted30+ days ago,Estimated $77K – $97.4K a year
Senior Salesforce Developer,Steelcase,https://www.indeed.com/cmp/Steelcase,"Hybrid remote in Grand Rapids, MI",This role will be focused on the development and delivery of eCommerce systems at Steelcase using the Salesforce B2B Commerce cloud application.,Posted30+ days ago,
,Ad Hoc Team,https://www.indeed.com/cmp/Ad-Hoc-Team,"Remote in Grand Rapids, MI","They write well-structured, tested, and secure code with little feedback or guidance.",Posted1 day ago,
Database Application Developer (REMOTE),Spectrum Health,https://www.indeed.com/cmp/Spectrum-Health-1,"Remote in Grand Rapids, MI","Designs, codes or configures, tests, debugs, deploys, documents and maintains large and/or complex programs, using a variety of software development toolkits,…",Posted30+ days ago,
Web Designer/Developer,Andronaco Industries,https://www.indeed.com/cmp/Andronaco-Industries,"Kentwood, MI","The successful candidate will be working with a small team to build, enhance and maintain our corporate websites.",Posted30+ days ago,
Senior Application Developer Analyst,Spectrum Health,https://www.indeed.com/cmp/Spectrum-Health-1,"Grand Rapids, MI+2 locations","Imbedded and direct collaboration with the user experience, product management and design team.",Posted13 days ago,
US Tech Javascript Automation Engineer,PRICE WATERHOUSE COOPERS,https://www.indeed.com/cmp/Pwc,"Grand Rapids, MI 49503 (Heartside area)","You’ll focus on managing the design and implementation of technology infrastructure within PwC, developing and enhancing both client and internal facing…",Posted30+ days ago,
Sr.-Mid level Software Engineers - eCommerce,Meijer,https://www.indeed.com/cmp/Meijer,"Grand Rapids, MI+5 locations",We are seeking Senior and Mid-level Software Engineers with heavy ReactJS development experience for our Digital Customer Experience & Loyalty train on the…,Posted9 days ago,
Front End Web Developer Specialist,Deloitte,https://www.indeed.com/cmp/Deloitte,"Grand Rapids, MI 49503 (Heartside area)+1 location","Deloitte's full-service Marketing Excellence (ME) organization is seeking collaborative creatives, skillful strategists, and marketing masterminds to lead our…",Posted30+ days ago,
Senior Quality Assurance Automation Engineer,Spectrum Health,https://www.indeed.com/cmp/Spectrum-Health-1,"Grand Rapids, MI","This role will partner with a highly collaborative development team to ensure text messages (SMS), emails, and digitized voice messages sent to patients and…",Posted30+ days ago,
,MKB Holdings,"https://www.indeed.com/q-Mkb-Holdings-l-Grand-Rapids,-MI-jobs.html","Grand Rapids, MI 49504 (Westside Connection area)",Must have a proven track record designing and developing enterprise scalable systems (multi-tenant web-based) using C# - .,Posted7 days ago,
Programmer Analyst III- GR Mainframe,SpartanNash,https://www.indeed.com/cmp/Spartannash,"Byron Center, MI 49315",Role will be responsible to lead and/or participate in the research and fact finding to modify or develop moderately complex company applications/information…,Posted30+ days ago,
,"Stefanini, Inc",https://www.indeed.com/cmp/Stefanini-IT-Solution,"Remote in Grand Rapids, MI","Designs, codes or configures, tests, debugs, deploys, documents and maintains large and/or complex programs, using a variety of software development toolkits,…",Posted3 days ago,
Avionics Software Engineer,Belcan LLC,https://www.indeed.com/cmp/Belcan-LLC,"Grand Rapids, MI 49512",This is a full-time direct position with benefits.,EmployerActive 9 days ago,
Software Engineer,L3Harris Technologies,https://www.indeed.com/cmp/L3harris,"Grand Rapids, MI",As a Software Engineer you will develop software for a diverse customer base across commercial and military aerospace segment.,Posted30+ days ago,
POS Associate Software Engineer,Gordon Food Service,https://www.indeed.com/cmp/Gordon-Food-Service,"Wyoming, MI 49509","As an Associate POS Software Engineer on the Gordon Food Service Store Team, you will be responsible for developing, testing, enhancing, and supporting a suite…",Posted24 days ago,
Sr. Software Developer,Amway Inc.,https://www.indeed.com/cmp/Amway,"Ada, MI 49355","In this role, we would leverage your technical skills to develop and maintain our product discovery and merchandising applications.",Posted30+ days ago,Estimated $112K – $142K a year
Senior Programmer,Macatawa Bank,https://www.indeed.com/cmp/Macatawa-Bank,"Holland, MI 49424",The Senior Programmer is dedicated to providing technical solutions to complex business problems using the Microsoft .,Posted30+ days ago,Estimated $92K – $117K a year
Application Development Analyst,A-Technologies,"https://www.indeed.com/jobs?q=A-technologies&l=Grand+Rapids,+MI","Grand Rapids, MI","Designs, codes or configures, tests, debugs, deploys, documents and maintains large and/or complex programs, using a variety of software development toolkits,…",Posted30+ days ago,Estimated $90.2K – $114K a year
Associate Software Developer,Brooksource,https://www.indeed.com/cmp/Brooksource,"Grand Rapids, MI",*We cannot provide sponsorship at this time*.,Posted30+ days ago,
,PRICE WATERHOUSE COOPERS,https://www.indeed.com/cmp/Pwc,"Grand Rapids, MI 49503 (Heartside area)+2 locations",Our team helps organisations align their business and operational requirements through the careful design of digital platforms and applications.,PostedJust posted,Estimated $121K – $154K a year
Software Engineer,"Byrne Electrical Specialists, Inc",https://www.indeed.com/cmp/Byrne-Electrical-Specialists,"Rockford, MI 49341",Job Summary: This role helps drive Byrne’s digital customer presence through collaboration across the organization (or across our departments) in partnership…,Posted30+ days ago,Estimated $77.4K – $98K a year
Software Cloud Engineer,KION Group AG,"https://www.indeed.com/q-Kion-Group-Ag-l-Grand-Rapids,-MI-jobs.html","Grand Rapids, MI","Dematic is seeking Software Engineers with the ability to design and implement large-scale software solutions, focusing on microservice architectures and…",Posted30+ days ago,Estimated $99.2K – $126K a year
,JR Automation,https://www.indeed.com/cmp/Jr-Automation,"Holland, MI 49424",In this role you will ensure custom software and integrations meet the needs of the business.,Posted1 day ago,
AI Machine Learning Engineer,Deloitte,https://www.indeed.com/cmp/Deloitte,"Grand Rapids, MI 49503 (Heartside area)","Our AI and Technology teams are building AI-enabled solutions across our offering areas in Cyber Security, Fraud Detection, Digital Controls, Predictive…",Posted30+ days ago,
iOS Developer,Deloitte,https://www.indeed.com/cmp/Deloitte,"Grand Rapids, MI 49503 (Heartside area)","As an experienced iOS Developer, you will have the ability to share new ideas and collaborate on projects as a consultant without the extensive demands of…",Posted30+ days ago,
Senior Backend Engineer (Payment Startup for Trucking),Recruiting From Scratch,https://www.indeed.com/addlLoc/redirect?tk=1fr2rnkf0u42j800&jk=814d069c8965cbcd&dest=%2Fjobs%3Fq%3Dprogrammer%26l%3Dgrand%2Brapids%2BMI%26grpKey%3D8gcGdG9mdGNsuA%252Fi0so2qhArCgtvY2N1cGF0aW9ucxoFNU5ONTMaBUVHNk1QGgVFSFBXORoFSEpTWDZAAQ%253D%253D,"Remote in Kentwood, MI+27 locations",Our client is building Stripe for Transportation - modernizing payments infrastructure in the trucking industry.,Posted14 days ago,Estimated $122K – $155K a year
,Recruiting From Scratch,https://www.indeed.com/addlLoc/redirect?tk=1fr2rnkf0u42j800&jk=dfe2938fd344beb1&dest=%2Fjobs%3Fq%3Dprogrammer%26l%3Dgrand%2Brapids%2BMI%26grpKey%3D8gcGdG9mdGNsuA%252Fi0so2qhA5CgtvY2N1cGF0aW9ucxoFNU5ONTMaBThZTVFRGgVDWlZLVxoFRUhQVzkaBUhKU1g2GgVUTURURkAB,"Remote in Kentwood, MI+2 locations","Our client is a crypto exchange and custodian that allows customers to buy, sell, store, and earn more than 30 cryptocurrencies like bitcoin, bitcoin cash,…",PostedToday,Estimated $112K – $141K a year
DevOps Cloud Engineer (Remote),Dematic,https://www.indeed.com/cmp/Dematic,"Remote in Grand Rapids, MI","This is a key position in our Hosting team within our Infrastructure group, which is responsible for designing and developing scalable, maintainable, and highly…",Posted30+ days ago,Estimated $95.8K – $121K a year
Platform and Test Software Advanced Lead Engineer,GE Aviation,https://www.indeed.com/cmp/GE-Aviation,"Grand Rapids, MI 49512","The Platform and Test Software Advanced Lead Engineer demonstrates accountability for functional, business, and broad company objectives.",Posted15 days ago,Estimated $117K – $148K a year
IT Manager - Software Development (Remote Available),"Herman Miller, Inc.","https://www.indeed.com/cmp/Herman-Miller,-Inc.","Remote in Zeeland, MI","Managing a software development team that is part of several self-organized, cross-functional Agile product teams.",Posted9 days ago,
Sr. Software Developer,Amway Inc.,https://www.indeed.com/cmp/Amway,"Ada, MI 49355","In this role, we would leverage your technical skills to develop and maintain our product discovery and merchandising applications.",Posted30+ days ago,Estimated $112K – $142K a year
Senior Programmer,Macatawa Bank,https://www.indeed.com/cmp/Macatawa-Bank,"Holland, MI 49424",The Senior Programmer is dedicated to providing technical solutions to complex business problems using the Microsoft .,Posted30+ days ago,Estimated $92K – $117K a year
Application Development Analyst,A-Technologies,"https://www.indeed.com/jobs?q=A-technologies&l=Grand+Rapids,+MI","Grand Rapids, MI","Designs, codes or configures, tests, debugs, deploys, documents and maintains large and/or complex programs, using a variety of software development toolkits,…",Posted30+ days ago,Estimated $90.2K – $114K a year
Software Engineer,"Byrne Electrical Specialists, Inc",https://www.indeed.com/cmp/Byrne-Electrical-Specialists,"Rockford, MI 49341",Job Summary: This role helps drive Byrne’s digital customer presence through collaboration across the organization (or across our departments) in partnership…,Posted30+ days ago,Estimated $77.4K – $98K a year
Software Cloud Engineer,KION Group AG,"https://www.indeed.com/q-Kion-Group-Ag-l-Grand-Rapids,-MI-jobs.html","Grand Rapids, MI","Dematic is seeking Software Engineers with the ability to design and implement large-scale software solutions, focusing on microservice architectures and…",Posted30+ days ago,Estimated $99.2K – $126K a year
"Associate, Software Engineering",KPMG,https://www.indeed.com/cmp/Kpmg-0828bc85,"Grand Rapids, MI+2 locations","Rapidly architect, design, prototype and implement architectures to tackle the Big Data needs for a variety of Fortune 1000 corporations and other major…",Posted30 days ago,Estimated $95K – $120K a year
,JR Automation,https://www.indeed.com/cmp/Jr-Automation,"Holland, MI 49424",In this role you will ensure custom software and integrations meet the needs of the business.,Posted1 day ago,
HTML/CSS Developer,Recruiting From Scratch,"https://www.indeed.com/q-Recruiting-From-Scratch-l-Kentwood,-MI-jobs.html","Remote in Kentwood, MI",Our client is revolutionizing how businesses leverage and enhance consumer data.,Posted14 days ago,Estimated $65K – $82.2K a year
AI Machine Learning Engineer,Deloitte,https://www.indeed.com/cmp/Deloitte,"Grand Rapids, MI 49503 (Heartside area)","Our AI and Technology teams are building AI-enabled solutions across our offering areas in Cyber Security, Fraud Detection, Digital Controls, Predictive…",Posted30+ days ago,
iOS Developer,Deloitte,https://www.indeed.com/cmp/Deloitte,"Grand Rapids, MI 49503 (Heartside area)","As an experienced iOS Developer, you will have the ability to share new ideas and collaborate on projects as a consultant without the extensive demands of…",Posted30+ days ago,
Platform and Test Software Advanced Lead Engineer,GE Aviation,https://www.indeed.com/cmp/GE-Aviation,"Grand Rapids, MI 49512","The Platform and Test Software Advanced Lead Engineer demonstrates accountability for functional, business, and broad company objectives.",Posted15 days ago,Estimated $117K – $148K a year
IT Manager - Software Development (Remote Available),"Herman Miller, Inc.","https://www.indeed.com/cmp/Herman-Miller,-Inc.","Remote in Zeeland, MI","Managing a software development team that is part of several self-organized, cross-functional Agile product teams.",Posted9 days ago,
Senior Controls Software Engineer,Dematic,https://www.indeed.com/cmp/Dematic,"Grand Rapids, MI","In this role you will drive the implementation of proof of concepts for our system architecture, AI, and HMI initiatives, which will support various solutions,…",Posted30+ days ago,Estimated $98.8K – $125K a year
Sr. Java Specialist - Location Open,Deloitte,https://www.indeed.com/cmp/Deloitte,"Grand Rapids, MI 49503 (Heartside area)+3 locations",Thoroughly tests software to ensure proper operation and freedom from defects prior to implementation.,Posted30+ days ago,Estimated $76.6K – $97K a year
Sr. Oracle Programmer Analyst,BISSELL Homecare,https://www.indeed.com/cmp/Bissell,"Grand Rapids, MI 49544",You will provide leadership and support in architecting both on premise and Cloud solutions.,Posted30+ days ago,Estimated $80K – $101K a year
Application Development Analyst - AWS Cloud Developer,Spectrum Health,https://www.indeed.com/cmp/Spectrum-Health-1,"Grand Rapids, MI","You will also help create and externalize APIs to deliver data using modern, cloud-based patterns to internal and external consumers.",Posted29 days ago,
"Director, Software Engineering",KPMG,https://www.indeed.com/cmp/Kpmg-0828bc85,"Grand Rapids, MI","Act as a primary team interface with various levels of client executives, including Chief Technology, Information, Data and Digital Officers.",Posted30+ days ago,
Associate Software Developer,Brooksource,https://www.indeed.com/cmp/Brooksource,"Grand Rapids, MI",*We cannot provide sponsorship at this time*.,Posted30+ days ago,
,GREATLAND CORPORATION,https://www.indeed.com/cmp/Greatland-Corporation,"Grand Rapids, MI 49544","Working with industry-leading technology, the Senior Cloud Engineer designs and implements secure, scalable, resilient, maintainable, and testable cloud…",Posted6 days ago,
Avionics Software Engineer,Belcan LLC,https://www.indeed.com/cmp/Belcan-LLC,"Grand Rapids, MI 49512",This is a full-time direct position with benefits.,EmployerActive 9 days ago,
,Gentex Corporation,https://www.indeed.com/cmp/Gentex-Corporation,"Zeeland, MI","Build, assemble and modify custom manufacturing equipment and machinery.",Posted2 days ago,
Software Engineering Manager (Cryptography Startup),Recruiting From Scratch,"https://www.indeed.com/q-Recruiting-From-Scratch-l-Kentwood,-MI-jobs.html","Remote in Kentwood, MI","By operationalizing Privacy Enhancing Technologies (PETs), They enable secure analysis and AI on encrypted data — while complying with data privacy regulations…",Posted30+ days ago,
Software System Integration Engineer,Dematic,https://www.indeed.com/cmp/Dematic,"Grand Rapids, MI+1 location",Through the office and on-site project development phases you will get to combine the theoretical part of the QA process with the practical one.,Posted30+ days ago,
Senior Application Developer Analyst,Spectrum Health,https://www.indeed.com/cmp/Spectrum-Health-1,"Grand Rapids, MI","Imbedded and direct collaboration with the user experience, product management and design team.",Posted13 days ago,
Advanced Lead Engineer - Embedded Software Development,GE Aviation,https://www.indeed.com/cmp/GE-Aviation,"Grand Rapids, MI 49512+1 location",This position is for a Lead Embedded Software Engineer for the New Products and Adjacencies line within the Mission Systems group.,Posted30+ days ago,
Sr. DevOps Engineer,PRICE WATERHOUSE COOPERS,https://www.indeed.com/cmp/Pwc,"Grand Rapids, MI 49503 (Heartside area)+10 locations","You’ll focus on managing the design and implementation of technology infrastructure within PwC, developing and enhancing both client and internal facing…",Posted9 days ago,
Web Full Stack Developer,"Haworth, Inc.",https://www.indeed.com/cmp/Haworth,"Remote in Holland, MI+3 locations",Support our Digital Marketing efforts.,Posted30+ days ago,
PHP/JAVA Developer,TISYA INC,"https://www.indeed.com/jobs?q=Tisya+Inc&l=Grand+Rapids,+MI&nc=jasx","Grand Rapids, MI",We are looking for a strong PHP/Java developer to assist in developing a framework/product.,Posted30+ days ago,
"Senior Backend Engineer, Integrations (Series A Security Startup)",Recruiting From Scratch,"https://www.indeed.com/q-Recruiting-From-Scratch-l-Kentwood,-MI-jobs.html","Remote in Kentwood, MI","You will have an enormous opportunity to create integrations for our Multi-tenant/SaaS-based platform with popular marketing, HR, sales, and data storage SaaS…",Posted30+ days ago,
Java Developer,Baudville Brands,https://www.indeed.com/cmp/Baudville-Brands,"Grand Rapids, MI 49512",The Java Developer will be joining the RecogNation team responsible for maintaining and updating a world class client facing rewards and recognition portal.,Posted30+ days ago,
Offboard Developer/ Software Engineer,KION Group,https://www.indeed.com/addlLoc/redirect?tk=1fr2rnm05u42j800&jk=ddbff054277662f7&dest=%2Fjobs%3Fq%3Dprogrammer%26l%3Dgrand%2Brapids%2BMI%26grpKey%3D8gcGdG5mdGNsuA%252Bw9aMBqhAeCglub3JtdGl0bGUaEXNvZnR3YXJlIGVuZ2luZWVy,"Holland, MI+1 location",Our attractive and market competitive total rewards packages are designed to reward high performance and to assist in managing your personal and family needs.,Posted30+ days ago,Estimated $91.7K – $116K a year
Sr Application Development Analyst (Salesforce),Spectrum Health,https://www.indeed.com/cmp/Spectrum-Health-1,"Grand Rapids, MI","Designs, codes or configures, tests, debugs, deploys, documents and maintains large and/or complex programs, using a variety of software development toolkits,…",Posted30+ days ago,Estimated $79.8K – $101K a year
Junior Software Developer,Revature,https://www.indeed.com/cmp/Revature-8,"Wyoming, MI+1 location",College degree (Associates or Bachelors).,Posted30+ days ago,Estimated $61.8K – $78.2K a year
Sr. Middleware IIB Developer - Location Open,Deloitte,https://www.indeed.com/cmp/Deloitte,"Grand Rapids, MI 49503 (Heartside area)+3 locations","Support the implementation of Statewide Medicaid Management Information System, Web Portal and integration of sub-systems.",Posted30+ days ago,Estimated $95.1K – $120K a year
Platform and Test Software Advanced Lead Engineer,GE Aviation,https://www.indeed.com/cmp/GE-Aviation,"Grand Rapids, MI 49512","The Platform and Test Software Advanced Lead Engineer demonstrates accountability for functional, business, and broad company objectives.",Posted15 days ago,Estimated $117K – $148K a year
,Crowe,https://www.indeed.com/cmp/Crowe,"Grand Rapids, MI 49503 (Heartside area)",The team is responsible for development and quality assurance tasks related to healthcare data and has heavy focus areas on data integration and management as…,Posted7 days ago,Estimated $99.7K – $126K a year
Software Engineer,Recruiting From Scratch,https://www.indeed.com/addlLoc/redirect?tk=1fr2rnm05u42j800&jk=ab7348798df02b06&dest=%2Fjobs%3Fq%3Dprogrammer%26l%3Dgrand%2Brapids%2BMI%26grpKey%3D8gcGdG5mdGNsuA%252Fi0so2qhAeCglub3JtdGl0bGUaEXNvZnR3YXJlIGVuZ2luZWVy,"Remote in Kentwood, MI+20 locations","They value communication and transparency, and strive to foster two-way dialogue at all levels of the organization.",Posted24 days ago,Estimated $95.5K – $121K a year
,GREATLAND CORPORATION,https://www.indeed.com/cmp/Greatland-Corporation,"Grand Rapids, MI 49544","Working with industry-leading technology, the Senior Cloud Engineer designs and implements secure, scalable, resilient, maintainable, and testable cloud…",Posted6 days ago,Estimated $90.1K – $114K a year
,Gentex Corporation,https://www.indeed.com/cmp/Gentex-Corporation,"Zeeland, MI","Build, assemble and modify custom manufacturing equipment and machinery.",Posted2 days ago,Estimated $71K – $89.8K a year
Software Cloud Engineer,KION Group AG,"https://www.indeed.com/q-Kion-Group-Ag-l-Grand-Rapids,-MI-jobs.html","Grand Rapids, MI","Dematic is seeking Software Engineers with the ability to design and implement large-scale software solutions, focusing on microservice architectures and…",Posted30+ days ago,Estimated $99.2K – $126K a year
,PRICE WATERHOUSE COOPERS,https://www.indeed.com/cmp/Pwc,"Grand Rapids, MI 49503 (Heartside area)+1 location","You’ll focus on managing the design and implementation of technology infrastructure within PwC, developing and enhancing both client and internal facing…",Posted2 days ago,Estimated $82.2K – $104K a year
Solution Architect - .NET and Azure Dev,Meijer,https://www.indeed.com/cmp/Meijer,"Grand Rapids, MI",The Meijer store Customer Experience train is seeking a Solution Architect or Senior lead level .,Posted30+ days ago,Estimated $124K – $157K a year
Java Developer,Baudville Brands,https://www.indeed.com/cmp/Baudville-Brands,"Grand Rapids, MI 49512",The Java Developer will be joining the RecogNation team responsible for maintaining and updating a world class client facing rewards and recognition portal.,Posted30+ days ago,Estimated $92K – $116K a year
Senior Software Engineer at Mental Health Startup (Mindful Talk Therapy),Recruiting From Scratch,https://www.indeed.com/addlLoc/redirect?tk=1fr2rnm05u42j800&jk=3bc36ac5a27d569e&dest=%2Fjobs%3Fq%3Dprogrammer%26l%3Dgrand%2Brapids%2BMI%26grpKey%3D8gcGdG5mdGNsuA%252Fi0so2qhAlCglub3JtdGl0bGUaGHNlbmlvciBzb2Z0d2FyZSBlbmdpbmVlcg%253D%253D,"Remote in Kentwood, MI+56 locations","Our client has an API-first platform they are integrating across clinical call centers, telehealth platforms, and remote patient monitoring apps.",Posted30+ days ago,Estimated $125K – $158K a year
AI Machine Learning Engineer,Deloitte,https://www.indeed.com/cmp/Deloitte,"Grand Rapids, MI 49503 (Heartside area)","Our AI and Technology teams are building AI-enabled solutions across our offering areas in Cyber Security, Fraud Detection, Digital Controls, Predictive…",Posted30+ days ago,
Junior Software Developer,Revature,https://www.indeed.com/cmp/Revature-8,"Wyoming, MI+1 location",College degree (Associates or Bachelors).,Posted30+ days ago,
Senior Software Engineer II,National Heritage Academies,https://www.indeed.com/cmp/National-Heritage-Academies,"Grand Rapids, MI",The ideal candidate for this position will have experience with Microsoft .,Posted23 days ago,
"Software Engineer, Build & Release",Recruiting From Scratch,https://www.indeed.com/addlLoc/redirect?tk=1fr2rnmi6u42b800&jk=478d4d4b86a95bbe&dest=%2Fjobs%3Fq%3Dprogrammer%26l%3Dgrand%2Brapids%2BMI%26grpKey%3D8gcGdG9mdGNsuA%252Fi0so2qhArCgtvY2N1cGF0aW9ucxoFNU5ONTMaBUVIUFc5GgVISlNYNhoFSjk0VzVAAQ%253D%253D,"Remote in Kentwood, MI+11 locations","Our client is a crypto exchange and custodian that allows customers to buy, sell, store, and earn more than 30 cryptocurrencies like bitcoin, bitcoin cash,…",Posted30+ days ago,
Software or Systems Engineers - Avionics,Performance,"https://www.indeed.com/q-Performance-l-Grand-Rapids,-MI-jobs.html","Grand Rapids, MI 49546",We are looking for passionate Software or Systems Engineers to design and develop software solutions for state-of-the-art safety-critical systems in the areas…,Posted10 days ago,
Java Developer,AirySoft,"https://www.indeed.com/q-Airysoft-l-Grand-Rapids,-MI-jobs.html","Grand Rapids, MI 49546","AirySoft, Inc. (Grand Rapids, MI) seeks Java Developer to design, develop, deploy and support large scale distributed systems and applications using Java/J2EE…",Posted30+ days ago,
,"Herman Miller, Inc.","https://www.indeed.com/cmp/Herman-Miller,-Inc.","Grand Rapids, MI","Designing, writing, and repairing Java applications and APIs to fulfill business requirements.",Posted4 days ago,
,PRICE WATERHOUSE COOPERS,https://www.indeed.com/cmp/Pwc,"Grand Rapids, MI 49503 (Heartside area)+2 locations",Our team helps organisations align their business and operational requirements through the careful design of digital platforms and applications.,PostedJust posted,
Software Developer Engineer in Test II,DT Professional Services,"https://www.indeed.com/q-Dt-Professional-Services-l-Caledonia,-MI-jobs.html","Caledonia, MI 49316",3 year Java Experience with Selenium preferred.,Posted30+ days ago,
Mobile Engineer,Cushman & Wakefield,https://www.indeed.com/cmp/Cushman-&-Wakefield,"Grand Rapids, MI 49503 (Heritage Hill area)","Responsible to ensure the efficient operation and maintenance of mechanical, electrical and plumbing equipment and systems for the assigned property(s).",Posted30+ days ago,
US Technology - Technical Lead (Angular/NodeJS),PRICE WATERHOUSE COOPERS,https://www.indeed.com/cmp/Pwc,"Grand Rapids, MI 49503 (Heartside area)+1 location","You’ll focus on managing the design and implementation of technology infrastructure within PwC, developing and enhancing both client and internal facing…",Posted30+ days ago,
Senior Software Engineer (Logistics Startup),Recruiting From Scratch,"https://www.indeed.com/q-Recruiting-From-Scratch-l-Kentwood,-MI-jobs.html","Remote in Kentwood, MI",Our client is building software to handle transportation of containers from the ports to the first warehouses by truck - also called first mile delivery.,Posted30+ days ago,
Advanced Lead Engineer - Embedded SW Development,GE Aviation,https://www.indeed.com/cmp/GE-Aviation,"Grand Rapids, MI 49512","The Lead Software Engineer will lead a team and participate in full software life cycle development including: planning, requirements, design, integration,…",Posted30+ days ago,
Software Engineering Manager (Cryptography Startup),Recruiting From Scratch,"https://www.indeed.com/q-Recruiting-From-Scratch-l-Kentwood,-MI-jobs.html","Remote in Kentwood, MI","By operationalizing Privacy Enhancing Technologies (PETs), They enable secure analysis and AI on encrypted data — while complying with data privacy regulations…",Posted30+ days ago,
SDET - Software Developer Engineer in Test,Dewpoint,https://www.indeed.com/cmp/Dewpoint,"Grand Rapids, MI","In this role, you will provide technical expertise for UI and web service functional and automation testing.",Posted14 days ago,
Embedded Systems Engineer: Vision Products,Gentex Corporation,https://www.indeed.com/cmp/Gentex-Corporation,"Zeeland, MI",Design & develop new products and features in concept and pre-launch environments.,Posted30+ days ago,
Pwc Tech Integration/Powershell Engineer,PRICE WATERHOUSE COOPERS,https://www.indeed.com/cmp/Pwc,"Grand Rapids, MI 49503 (Heartside area)","You’ll focus on managing the design and implementation of technology infrastructure within PwC, developing and enhancing both client and internal facing…",Posted30+ days ago,
,"Herman Miller, Inc.","https://www.indeed.com/cmp/Herman-Miller,-Inc.","Grand Rapids, MI","Designing, writing, and repairing Java applications and APIs to fulfill business requirements.",Posted4 days ago,
Application Developer,Spectrum Health,https://www.indeed.com/cmp/Spectrum-Health-1,"Grand Rapids, MI","Under minimal supervision, designs, codes or configures, tests, debugs, deploys, documents and maintains programs using a variety of software development…",Posted30+ days ago,
Junior Software Developer,Revature,https://www.indeed.com/cmp/Revature-8,"Wyoming, MI+1 location",College degree (Associates or Bachelors).,Posted30+ days ago,
Software Developer Engineer in Test II,DT Professional Services,"https://www.indeed.com/q-Dt-Professional-Services-l-Caledonia,-MI-jobs.html","Caledonia, MI 49316",3 year Java Experience with Selenium preferred.,Posted30+ days ago,
Mobile Engineer,Cushman & Wakefield,https://www.indeed.com/cmp/Cushman-&-Wakefield,"Grand Rapids, MI 49503 (Heritage Hill area)","Responsible to ensure the efficient operation and maintenance of mechanical, electrical and plumbing equipment and systems for the assigned property(s).",Posted30+ days ago,
US Technology - Technical Lead (Angular/NodeJS),PRICE WATERHOUSE COOPERS,https://www.indeed.com/cmp/Pwc,"Grand Rapids, MI 49503 (Heartside area)","You’ll focus on managing the design and implementation of technology infrastructure within PwC, developing and enhancing both client and internal facing…",Posted30+ days ago,
Site Reliability Engineer (SRE) - Remote,Deloitte,https://www.indeed.com/cmp/Deloitte,"Remote in Grand Rapids, MI+1 location",We're looking for talented engineers with a software or operations background and experience in designing and operating large-scale highly available distributed…,Posted15 days ago,
Signal Processing Software Engineer (Autonomous Startup),Recruiting From Scratch,"https://www.indeed.com/q-Recruiting-From-Scratch-l-Kentwood,-MI-jobs.html","Remote in Kentwood, MI","Candidates must be located or willing to relocate to the Bay Area, and/or work Hybrid (one week on/ one week off).",Posted30+ days ago,
Eng Econ Software Solutions Specialist Manager,Deloitte,https://www.indeed.com/cmp/Deloitte,"Grand Rapids, MI 49503 (Heartside area)","In the Technology Specialist Manager role, the incumbent will lead efforts in enterprise software administration, design, configuration, and analysis, system…",Posted30+ days ago,
SDET - Software Developer Engineer in Test,Dewpoint,https://www.indeed.com/cmp/Dewpoint,"Grand Rapids, MI","In this role, you will provide technical expertise for UI and web service functional and automation testing.",Posted14 days ago,
Embedded Systems Engineer: Vision Products,Gentex Corporation,https://www.indeed.com/cmp/Gentex-Corporation,"Zeeland, MI",Design & develop new products and features in concept and pre-launch environments.,Posted30+ days ago,
RPA Developer,Mutually Human,"https://www.indeed.com/q-Mutually-Human-l-Grand-Rapids,-MI-jobs.html","Grand Rapids, MI 49503 (Roosevelt Park area)","In this role, you’ll work cross-functionally with business operations and business analysts to create and optimize workflow processes.",Posted30+ days ago,
Senior Infrastructure Automation Engineer - Location Open,Deloitte,https://www.indeed.com/cmp/Deloitte,"Grand Rapids, MI 49503 (Heartside area)",Consult with clients on system design.,Posted30+ days ago,
,Recruiting From Scratch,https://www.indeed.com/addlLoc/redirect?tk=1fr2rnn2gu1vo800&jk=a46309f8c9b034de&dest=%2Fjobs%3Fq%3Dprogrammer%26l%3Dgrand%2Brapids%2BMI%26grpKey%3D8gcGdG5mdGNsuA%252Fi0so2qhAcCglub3JtdGl0bGUaD3NlbmlvciBlbmdpbmVlcg%253D%253D,"Remote in Kentwood, MI+8 locations","Our client is a crypto exchange and custodian that allows customers to buy, sell, store, and earn more than 30 cryptocurrencies like bitcoin, bitcoin cash,…",Posted7 days ago,
Principal Software Engineer,AccruePartners,https://www.indeed.com/cmp/Accrue-Partners,Michigan,"Offers a full suite of products including mortgage lending, personal lending, and a variety of deposit and other banking products (savings, money-market, and…",Posted20 days ago,
Quality Assurance Automation Engineer,Our Daily Bread Ministries,https://www.indeed.com/cmp/Our-Daily-Bread-Ministries,"Grand Rapids, MI 49512",Perform thorough testing using automation tools and techniques to deliver the highest quality software by scripting automated test scenarios and establish…,Posted30+ days ago,
"US Tech - Senior Developer, Oracle HCM & PeopleSoft (Remote)",PRICE WATERHOUSE COOPERS,https://www.indeed.com/cmp/Pwc,"Remote in Grand Rapids, MI","You’ll focus on managing the design and implementation of technology infrastructure within PwC, developing and enhancing both client and internal facing…",Posted30+ days ago,Estimated $106K – $135K a year
RPA Developer,Mutually Human,"https://www.indeed.com/q-Mutually-Human-l-Grand-Rapids,-MI-jobs.html","Grand Rapids, MI 49503 (Roosevelt Park area)","In this role, you’ll work cross-functionally with business operations and business analysts to create and optimize workflow processes.",Posted30+ days ago,Estimated $74.1K – $93.9K a year
US Technology - Technical Lead (Angular/NodeJS),PRICE WATERHOUSE COOPERS,https://www.indeed.com/cmp/Pwc,"Grand Rapids, MI 49503 (Heartside area)","You’ll focus on managing the design and implementation of technology infrastructure within PwC, developing and enhancing both client and internal facing…",Posted30+ days ago,
Sr. Automation Test Engineer,Kuecker Pulse Integration,"https://www.indeed.com/q-Kuecker-Pulse-Integration-l-Grand-Rapids,-MI-jobs.html","Grand Rapids, MI",_them with proven design and operational strategies to help improve our customers’ operations.,Posted30 days ago,
Senior Backend/ Smart Contract Engineer,Recruiting From Scratch,"https://www.indeed.com/q-Recruiting-From-Scratch-l-Kentwood,-MI-jobs.html","Remote in Kentwood, MI","You’ll work directly with the team defining the Cadence smart contract programming language, and contribute directly to the dapps that will bring blockchain…",Posted30+ days ago,Estimated $111K – $141K a year
Android Engineer,Meijer,https://www.indeed.com/cmp/Meijer,"Grand Rapids, MI",Meijer is seeking Mobile Software Engineers with Native Android development experience who are Passionate about Android development and building an innovative…,Posted30+ days ago,Estimated $98.4K – $125K a year
Signal Processing Software Engineer (Autonomous Startup),Recruiting From Scratch,"https://www.indeed.com/q-Recruiting-From-Scratch-l-Kentwood,-MI-jobs.html","Remote in Kentwood, MI","Candidates must be located or willing to relocate to the Bay Area, and/or work Hybrid (one week on/ one week off).",Posted30+ days ago,Estimated $110K – $139K a year
Site Reliability Engineer at Mental Health Startup,Recruiting From Scratch,https://www.indeed.com/addlLoc/redirect?tk=1fr2rnnhr3o9i000&jk=940b68d5cc1867c8&dest=%2Fjobs%3Fq%3Dprogrammer%26l%3Dgrand%2Brapids%2BMI%26grpKey%3D8gcGdG5mdGNsuA%252Fi0so2qhAmCglub3JtdGl0bGUaGXNpdGUgcmVsaWFiaWxpdHkgZW5naW5lZXI%253D,"Remote in Kentwood, MI+4 locations","Our client has an API endpoint they are integrating across clinical call centers, telehealth platforms, and remote patient monitoring apps.",Posted30+ days ago,Estimated $108K – $136K a year
Senior Software Engineer II,National Heritage Academies,https://www.indeed.com/cmp/National-Heritage-Academies,"Grand Rapids, MI",The ideal candidate for this position will have experience with Microsoft .,Posted23 days ago,Estimated $101K – $128K a year
Senior Test Automation Engineer,Spectrum Health,https://www.indeed.com/cmp/Spectrum-Health-1,"Grand Rapids, MI","As a member of a cross-functional team, you would work with various areas of the business (including Designers, Product Owners, and Business Stakeholders) to…",Posted30+ days ago,
iOS Engineer,Recruiting From Scratch,https://www.indeed.com/addlLoc/redirect?tk=1fr2rnnhr3o9i000&jk=23f8e8aa3129d454&dest=%2Fjobs%3Fq%3Dprogrammer%26l%3Dgrand%2Brapids%2BMI%26grpKey%3D8gcGdG5mdGNsuA%252Fi0so2qhAaCglub3JtdGl0bGUaDWlvcyBkZXZlbG9wZXI%253D,"Remote in Kentwood, MI+2 locations","Collaborate with a small, tight knit team to develop a modern consumer mobile app.",Posted27 days ago,
Embedded Systems Engineer (Autonomous Startup),Recruiting From Scratch,"https://www.indeed.com/q-Recruiting-From-Scratch-l-Kentwood,-MI-jobs.html","Remote in Kentwood, MI",This position requires an experienced professional with strong programming skills and solid knowledge of state-of-the-art algorithms.,Posted30+ days ago,Estimated $104K – $132K a year
Field Applications Engineer- Embedded Solutions Engineer,Microchip Technology,https://www.indeed.com/cmp/Microchip-Technology,"Grand Rapids, MI","Our product portfolio comprises general purpose and specialized 8-bit, 16-bit, and 32-bit microcontrollers, 32-bit microprocessors, field-programmable gate…",Posted30+ days ago,
Junior Software Developer,Revature,https://www.indeed.com/cmp/Revature-8,"Wyoming, MI+1 location",College degree (Associates or Bachelors).,Posted30+ days ago,Estimated $61.8K – $78.2K a year
DevOps Engineer,Recruiting From Scratch,https://www.indeed.com/addlLoc/redirect?tk=1fr2rno1bu27p801&jk=1a0b988e53593a0b&dest=%2Fjobs%3Fq%3Dprogrammer%26l%3Dgrand%2Brapids%2BMI%26grpKey%3D8gcGdG5mdGNsuA%252Fi0so2qhAsCglub3JtdGl0bGUaH2RldmVsb3BtZW50IG9wZXJhdGlvbnMgZW5naW5lZXI%253D,"Remote in Kentwood, MI+4 locations","Collaborate with a small, tight knit team to develop a modern consumer mobile app.",Posted27 days ago,Estimated $102K – $129K a year
iOS Engineer,Recruiting From Scratch,https://www.indeed.com/addlLoc/redirect?tk=1fr2rno1bu27p801&jk=23f8e8aa3129d454&dest=%2Fjobs%3Fq%3Dprogrammer%26l%3Dgrand%2Brapids%2BMI%26grpKey%3D8gcGdG5mdGNsuA%252Fi0so2qhAaCglub3JtdGl0bGUaDWlvcyBkZXZlbG9wZXI%253D,"Remote in Kentwood, MI+2 locations","Collaborate with a small, tight knit team to develop a modern consumer mobile app.",Posted27 days ago,
Tax - .Net Developer - Senior - TMC,Deloitte,https://www.indeed.com/cmp/Deloitte,"Grand Rapids, MI 49503 (Heartside area)+1 location","As a professional in Deloitte's Tax Management Consulting (TMC) team, you will be a part of a team that provides a holistic and integrated approach technology…",Posted30+ days ago,Estimated $89K – $113K a year
DevOps Infrastructure Support Lead,KPMG,https://www.indeed.com/cmp/Kpmg-0828bc85,"Grand Rapids, MI","At some point in the future and with the safety of people as the critical factor, the travel requirement will likely increase, possibly to previous levels, but…",Posted16 days ago,Estimated $96.2K – $122K a year
Embedded Systems Engineer (Autonomous Startup),Recruiting From Scratch,"https://www.indeed.com/q-Recruiting-From-Scratch-l-Kentwood,-MI-jobs.html","Remote in Kentwood, MI",This position requires an experienced professional with strong programming skills and solid knowledge of state-of-the-art algorithms.,Posted30+ days ago,Estimated $104K – $132K a year
DevOps Engineer,BluJay Solutions,https://www.indeed.com/cmp/Blujay-Solutions,"Holland, MI 49423",The role of a DevOps Engineer (DevOps) is to ensure that developed products are quickly and successfully deployed for customer use.,Posted30+ days ago,Estimated $87.1K – $110K a year
"Senior Associate, Full Stack .NET Developer",KPMG,https://www.indeed.com/cmp/Kpmg-0828bc85,"Grand Rapids, MI",Participate in IT Java development efforts for various client projects.,Posted30+ days ago,Estimated $92K – $116K a year
IT Manager - Software Development (Remote Available),"Herman Miller, Inc.","https://www.indeed.com/cmp/Herman-Miller,-Inc.","Remote in Zeeland, MI","Managing a software development team that is part of several self-organized, cross-functional Agile product teams.",Posted9 days ago,
Site Reliability Engineer at Mental Health Startup,Recruiting From Scratch,https://www.indeed.com/addlLoc/redirect?tk=1fr2rno1bu27p801&jk=940b68d5cc1867c8&dest=%2Fjobs%3Fq%3Dprogrammer%26l%3Dgrand%2Brapids%2BMI%26grpKey%3D8gcGdG5mdGNsuA%252Fi0so2qhAmCglub3JtdGl0bGUaGXNpdGUgcmVsaWFiaWxpdHkgZW5naW5lZXI%253D,"Remote in Kentwood, MI+4 locations","Our client has an API endpoint they are integrating across clinical call centers, telehealth platforms, and remote patient monitoring apps.",Posted30+ days ago,Estimated $108K – $136K a year
Lead Adobe Experience Manager (AEM) Developer,"Haworth, Inc.",https://www.indeed.com/cmp/Haworth,"Remote in Holland, MI","As a Lead Adobe Experience Manager (AEM) Developer ~ Holland, MI or Remote, you will:",Posted30+ days ago,Estimated $112K – $141K a year
Senior DevOps Engineer,ZoomInfo Technologies LLC,https://www.indeed.com/cmp/Zoominfo,"Grand Rapids, MI","A successful candidate will have a strong background in modern infrastructure, with a thorough understanding of industry best practices.",Posted9 days ago,Estimated $113K – $143K a year
,Wolverine Worldwide,https://www.indeed.com/cmp/Wolverine-Worldwide,"Remote in Rockford, MI","Utilizing your robust ABAP programming background, you will support business applications, including maintenance, new development and problem solving to provide…",Posted6 days ago,Estimated $107K – $135K a year
Mobile Engineer (Speech to Text Startup),Recruiting From Scratch,https://www.indeed.com/addlLoc/redirect?tk=1fr2rno1bu27p801&jk=3665d500deb1905a&dest=%2Fjobs%3Fq%3Dprogrammer%26l%3Dgrand%2Brapids%2BMI%26grpKey%3D8gcGdG5mdGNsuA%252Fi0so2qhAdCglub3JtdGl0bGUaEG1vYmlsZSBkZXZlbG9wZXI%253D,"Remote in Kentwood, MI+2 locations","Their AI-powered collaborative note-taking app works across Zoom, Google Meet, and Microsoft Teams to help teams record, transcribe, search and share meeting…",Posted30+ days ago,Estimated $99.6K – $126K a year
,PRICE WATERHOUSE COOPERS,https://www.indeed.com/cmp/Pwc,"Grand Rapids, MI 49503 (Heartside area)+2 locations",Our team helps organisations align their business and operational requirements through the careful design of digital platforms and applications.,PostedJust posted,Estimated $114K – $144K a year
Lead Application Developer - DAS Project Omnia,Deloitte,https://www.indeed.com/cmp/Deloitte,"Grand Rapids, MI 49503 (Heartside area)",Good analytical skills to understand the requirements and lead the team for removing technical roadblocks and also perform hands on coding.,Posted30+ days ago,Estimated $63.8K – $80.8K a year
Junior Software Developer,Revature,https://www.indeed.com/cmp/Revature-8,"Wyoming, MI+1 location",College degree (Associates or Bachelors).,Posted30+ days ago,Estimated $61.8K – $78.2K a year
Lead Mechanical Engineer - Automation Designer,Specialty Tooling Systems,"https://www.indeed.com/q-Specialty-Tooling-Systems-l-Grand-Rapids,-MI-jobs.html","Grand Rapids, MI 49534",You will be responsible for the design and development of intelligent systems and industrial systems control.,EmployerActive 3 days ago,Estimated $79.5K – $101K a year
Sr Java Developer Specialist,Deloitte,https://www.indeed.com/cmp/Deloitte,"Remote in Grand Rapids, MI","Design, develop and modify software systems and custom components using modern dev stack.",Posted12 days ago,Estimated $91.8K – $116K a year
Automation Engineer,Challenge Manufacturing Company,https://www.indeed.com/cmp/Challenge-Manufacturing,"Walker, MI 49534","Responsible for machine standardization, launch, troubleshooting, maintaining and improvement of highly automated controls, robotic and welding systems.",Posted30+ days ago,Estimated $80.7K – $102K a year
Site Reliability Engineer,Recruiting From Scratch,https://www.indeed.com/addlLoc/redirect?tk=1fr2rnoh3n518801&jk=fdd21b7bfe958fb4&dest=%2Fjobs%3Fq%3Dprogrammer%26l%3Dgrand%2Brapids%2BMI%26grpKey%3D8gcGdG5mdGNsuA%252Fi0so2qhAmCglub3JtdGl0bGUaGXNpdGUgcmVsaWFiaWxpdHkgZW5naW5lZXI%253D,"Remote in Kentwood, MI+4 locations",Our client is revolutionizing how businesses leverage and enhance consumer data.,Posted14 days ago,Estimated $113K – $143K a year
Lead Adobe Experience Manager (AEM) Developer,"Haworth, Inc.",https://www.indeed.com/cmp/Haworth,"Remote in Holland, MI","As a Lead Adobe Experience Manager (AEM) Developer ~ Holland, MI or Remote, you will:",Posted30+ days ago,Estimated $112K – $141K a year
US Tech - Full Stack Tech Lead (Remote),PRICE WATERHOUSE COOPERS,https://www.indeed.com/cmp/Pwc,"Remote in Grand Rapids, MI","You’ll focus on managing the design and implementation of technology infrastructure within PwC, developing and enhancing both client and internal facing…",Posted30+ days ago,Estimated $89.9K – $114K a year
Digital Products - Site Reliability Engineer (SRE - DBaaS),PRICE WATERHOUSE COOPERS,https://www.indeed.com/cmp/Pwc,"Grand Rapids, MI 49503 (Heartside area)","Our skilled technologists, data scientists, product managers and business strategists are passionate about using technology to accelerate change.",Posted30+ days ago,Estimated $106K – $134K a year
,Sekisui Kydek,"https://www.indeed.com/q-Sekisui-Kydek-l-Holland,-MI-jobs.html","Holland, MI 49423","The Automation Technology Engineer is primarily responsible for executing the activities pertaining to continuous process improvement in safety, quality,…",Posted2 days ago,
Associate Software Developer,Brooksource,https://www.indeed.com/cmp/Brooksource,"Grand Rapids, MI",*We cannot provide sponsorship at this time*.,Posted30+ days ago,
Senior Software Developer - Angular & Node (Remote),PRICE WATERHOUSE COOPERS,https://www.indeed.com/cmp/Pwc,"Remote in Grand Rapids, MI","You’ll focus on managing the design and implementation of technology infrastructure within PwC, developing and enhancing both client and internal facing…",Posted30+ days ago,Estimated $91.1K – $115K a year
NIS - Java Developer Senior Associate,PRICE WATERHOUSE COOPERS,https://www.indeed.com/cmp/Pwc,"Grand Rapids, MI 49503 (Heartside area)","Use feedback and reflection to develop self awareness, personal strengths and address development areas.",Posted27 days ago,Estimated $94.3K – $119K a year
Senior .Net Developer,Dynamic Media,https://www.indeed.com/cmp/Dynamic-Media,Remote in Michigan,Duration: Full Time - Direct Hire (Company will consider work-visa sponsorship).,Posted30+ days ago,
Backend Engineer - PHP,foreUP Golf Inc.,,Michigan,"Competitive salary, benefits, unlimited vacation*.",Posted30+ days ago,
Senior Software Engineer,Dematic,https://www.indeed.com/cmp/Dematic,"Grand Rapids, MI",Then check out Dematic – the Global Leader in the Logistics and Material Handling Industry.,Posted30+ days ago,
Automation Engineer,Lear Corporation,https://www.indeed.com/cmp/Lear-Corporation,"Sparta, MI 49345","As a member of the Automation team, the Automation Engineer will be responsible for Leading, Supporting, Implementing, and Managing Automation projections while…",Posted8 days ago,
Python Engineer,Recruiting From Scratch,"https://www.indeed.com/q-Recruiting-From-Scratch-l-Kentwood,-MI-jobs.html","Remote in Kentwood, MI",Their formative assessment products turn data into practical instructional support to help students at every skill level build a strong foundation in early…,Posted30+ days ago,
Principal Cloud Back-End Developer,Twisthink,https://www.indeed.com/cmp/Twisthink,"Hybrid remote in Holland, MI",Twisthink is looking for an experienced Back-End Developer to design and build custom IoT solutions to run on the AWS platform.,Posted30+ days ago,
AWS Infrastructure | DevOps Lead Engineer - Location Open,Deloitte,https://www.indeed.com/cmp/Deloitte,"Grand Rapids, MI 49503 (Heartside area)",The practice aims at developing service-oriented architecture (SOA) and other integration solutions to enable information sharing and management between…,Posted30+ days ago,
Automation Technology Engineer,SEKISUI KYDEX,https://www.indeed.com/cmp/Sekisui-Kydex,"Holland, MI 49423","SEKISUI Chemical's corporate commitment to Speed, Service, and Superiority is realized through the KYDEX® Thermoplastic business model of manufacturing bespoke…",Posted30+ days ago,
Senior Software Engineer - Technical Lead,Recruiting From Scratch,"https://www.indeed.com/q-Recruiting-From-Scratch-l-Kentwood,-MI-jobs.html","Remote in Kentwood, MI",Their formative assessment products turn data into practical instructional support to help students at every skill level build a strong foundation in early…,Posted30+ days ago,
Solution Engineer- Mobile Automation,Dematic,https://www.indeed.com/cmp/Dematic,"Holland, MI 49424","The primary responsibilities will be working with the Sales team to learn customer needs, define the right automation solutions, and provide technical support…",Posted28 days ago,
NIS - Junior Java Developer in DevOps,PRICE WATERHOUSE COOPERS,https://www.indeed.com/cmp/Pwc,"Grand Rapids, MI 49503 (Heartside area)","Use feedback and reflection to develop self awareness, personal strengths and address development areas.",Posted30+ days ago,
Automation Solutions Development Lead Engineer - Manufacturing (Grand Rapids),Burns & McDonnell,https://www.indeed.com/cmp/Burns-&-Mcdonnell,"Zeeland, MI","The Automation Solutions Development Lead Engineer will lead automation design on project teams to create world class designs for new projects, alterations and…",Posted30+ days ago,
Beginner to Mid-Level Software Engineer,GenSpark,,United States,"During your first 6-12 weeks with GenSpark, we invest in you by providing free, intensive technical and soft skill training to take your skills to the next…",Posted21 days ago,
,Carley Corporation,https://www.indeed.com/cmp/Carley-Corporation,United States,"SUMMARY: This position is responsible for the programming elements for interactive multimedia instruction for a variety of delivery methods, including…",Posted6 days ago,
,SummitWorks Technologies Inc,,United States,Role*: Entry Level developer (.NET & Front-End Technologies).,EmployerActive 2 days ago,
Entry Level Software Developer,Smoothstack Inc,https://www.indeed.com/cmp/Smoothstack-Inc.,United States,"We mainly specialize in Full Stack Java development, Cloud, DevSecOps, Networking, Cyber Security, Artificial Intelligence (AI), Business Intelligence (BI),…",Posted29 days ago,
Unity Courseware Programmer II,Carley Corporation,https://www.indeed.com/cmp/Carley-Corporation,United States,"SUMMARY: This position is responsible for the programming elements for interactive multimedia instruction for a variety of delivery methods, including…",EmployerActive 21 days ago,
